Country area or territory,Surveillance site type,Year-week (ISO 8601 calendar),Week start date (ISO 8601 calendar),Specimen tested,Influenza positive,Influenza negative,A (H1N1)pdm09,A (H3),A not subtyped,B (Victoria),B (Yamagata),B (lineage not determined)
Thailand,Not defined,2014-02,1/6/2014,112,18,94,5,7,0,0,6,0
Thailand,Not defined,2014-03,1/13/2014,82,18,64,5,10,0,2,1,0
Thailand,Not defined,2014-04,1/20/2014,89,25,64,8,11,0,0,5,1
Thailand,Not defined,2014-05,1/27/2014,102,24,78,13,7,0,0,4,0
Thailand,Not defined,2014-06,2/3/2014,101,22,79,8,4,0,1,7,2
Thailand,Not defined,2014-07,2/10/2014,134,50,84,38,3,0,0,8,1
Thailand,Not defined,2014-08,2/17/2014,128,60,68,30,9,0,1,11,9
Thailand,Not defined,2014-09,2/24/2014,123,39,84,24,5,0,0,10,0
Thailand,Not defined,2014-10,3/3/2014,139,45,94,25,3,0,0,17,0
Thailand,Not defined,2014-11,3/10/2014,135,54,81,27,7,0,1,16,3
Thailand,Not defined,2014-12,3/17/2014,119,43,76,24,3,0,1,10,5
Thailand,Not defined,2014-13,3/24/2014,125,41,84,17,3,0,1,20,0
Thailand,Not defined,2014-14,3/31/2014,136,33,103,23,1,0,0,9,0
Thailand,Not defined,2014-15,4/7/2014,82,11,71,5,0,0,1,5,0
Thailand,Not defined,2014-16,4/14/2014,11,2,9,2,0,0,0,0,0
Thailand,Not defined,2014-17,4/21/2014,149,30,119,13,0,0,0,13,4
Thailand,Not defined,2014-18,4/28/2014,78,17,61,9,1,0,0,6,1
Thailand,Not defined,2014-19,5/5/2014,33,25,8,23,0,0,0,2,0
Thailand,Not defined,2014-20,5/12/2014,114,24,90,10,1,0,2,11,0
Thailand,Not defined,2014-21,5/19/2014,70,17,53,6,2,0,2,6,1
Thailand,Not defined,2014-22,5/26/2014,55,16,39,4,4,0,0,5,3
Thailand,Not defined,2014-23,6/2/2014,81,11,70,4,0,0,0,6,1
Thailand,Not defined,2014-24,6/9/2014,86,9,77,2,0,0,1,4,2
Thailand,Not defined,2014-25,6/16/2014,76,22,54,4,1,0,1,4,12
Thailand,Not defined,2014-26,6/23/2014,74,12,62,3,3,0,0,6,0
Thailand,Not defined,2014-27,6/30/2014,76,20,56,5,1,0,0,8,6
Thailand,Not defined,2014-28,7/7/2014,76,27,49,1,5,0,1,13,7
Thailand,Not defined,2014-29,7/14/2014,86,28,58,4,5,0,2,9,8
Thailand,Not defined,2014-30,7/21/2014,77,24,53,2,1,0,0,13,8
Thailand,Not defined,2014-31,7/28/2014,81,12,69,0,2,0,1,3,6
Thailand,Not defined,2014-32,8/4/2014,91,15,76,1,2,0,0,6,6
Thailand,Not defined,2014-33,8/11/2014,8,1,7,0,1,0,0,0,0
Thailand,Not defined,2014-34,8/18/2014,148,33,115,0,19,0,0,2,12
Thailand,Not defined,2014-35,8/25/2014,86,11,75,2,2,0,0,1,6
Thailand,Not defined,2014-36,9/1/2014,80,13,67,2,2,0,0,0,9
Thailand,Not defined,2014-37,9/8/2014,89,15,74,0,5,0,0,9,1
Thailand,Not defined,2014-38,9/15/2014,43,2,41,0,0,0,0,1,1
Thailand,Not defined,2014-39,9/22/2014,33,5,28,2,0,0,0,0,3
Thailand,Not defined,2014-40,9/29/2014,19,5,14,1,2,0,0,1,1
Thailand,Not defined,2014-41,10/6/2014,37,7,30,3,1,0,0,2,1
Thailand,Not defined,2014-42,10/13/2014,36,3,33,1,0,0,0,2,0
Thailand,Not defined,2014-43,10/20/2014,21,3,18,0,2,0,0,0,1
Thailand,Not defined,2014-44,10/27/2014,27,1,26,0,1,0,0,0,0
Thailand,Not defined,2014-45,11/3/2014,29,5,24,0,4,0,0,1,0
Thailand,Not defined,2014-46,11/10/2014,0,4,-4,0,3,0,0,1,0
Thailand,Not defined,2014-47,11/17/2014,30,5,25,0,5,0,0,0,0
Thailand,Not defined,2014-48,11/24/2014,25,5,20,0,3,0,0,0,2
Thailand,Not defined,2014-49,12/1/2014,18,6,12,1,5,0,0,0,0
Thailand,Not defined,2014-50,12/8/2014,35,6,29,0,6,0,0,0,0
Thailand,Not defined,2014-51,12/15/2014,27,6,21,0,5,0,0,0,1
Thailand,Not defined,2014-52,12/22/2014,21,2,19,0,2,0,0,0,0
Thailand,Not defined,2015-01,12/29/2014,2,1,1,0,1,0,0,0,0
Thailand,Not defined,2015-02,1/5/2015,27,4,23,0,3,0,0,0,1
Thailand,Not defined,2015-03,1/12/2015,24,1,23,0,1,0,0,0,0
Thailand,Not defined,2015-04,1/19/2015,25,6,19,0,5,0,0,1,0
Thailand,Not defined,2015-05,1/26/2015,13,2,11,0,2,0,0,0,0
Thailand,Not defined,2015-06,2/2/2015,31,7,24,2,4,0,0,1,0
Thailand,Not defined,2015-07,2/9/2015,26,10,16,1,4,0,0,3,2
Thailand,Not defined,2015-08,2/16/2015,24,2,22,0,2,0,0,0,0
Thailand,Not defined,2015-09,2/23/2015,24,9,15,1,5,0,0,2,1
Thailand,Not defined,2015-10,3/2/2015,22,7,15,2,4,0,1,0,0
Thailand,Not defined,2015-11,3/9/2015,29,9,20,5,4,0,0,0,0
Thailand,Not defined,2015-12,3/16/2015,30,5,25,0,5,0,0,0,0
Thailand,Not defined,2015-13,3/23/2015,17,4,13,1,2,0,0,1,0
Thailand,Not defined,2015-14,3/30/2015,32,9,23,1,8,0,0,0,0
Thailand,Not defined,2015-15,4/6/2015,25,5,20,2,3,0,0,0,0
Thailand,Not defined,2015-16,4/13/2015,2,0,2,0,0,0,0,0,0
Thailand,Not defined,2015-17,4/20/2015,34,8,26,0,7,0,0,1,0
Thailand,Not defined,2015-18,4/27/2015,20,5,15,0,4,0,1,0,0
Thailand,Not defined,2015-19,5/4/2015,3,0,3,0,0,0,0,0,0
Thailand,Not defined,2015-20,5/11/2015,29,7,22,0,7,0,0,0,0
Thailand,Not defined,2015-21,5/18/2015,39,8,31,0,8,0,0,0,0
Thailand,Not defined,2015-22,5/25/2015,23,2,21,0,2,0,0,0,0
Thailand,Not defined,2015-23,6/1/2015,37,3,34,1,2,0,0,0,0
Thailand,Not defined,2015-24,6/8/2015,34,7,27,0,6,0,0,0,1
Thailand,Not defined,2015-25,6/15/2015,25,3,22,0,3,0,0,0,0
Thailand,Not defined,2015-26,6/22/2015,45,16,29,12,4,0,0,0,0
Thailand,Not defined,2015-27,6/29/2015,34,3,31,0,3,0,0,0,0
Thailand,Not defined,2015-28,7/6/2015,36,4,32,0,4,0,0,0,0
Thailand,Not defined,2015-29,7/13/2015,21,2,19,0,1,0,0,1,0
Thailand,Not defined,2015-30,7/20/2015,31,7,24,1,6,0,0,0,0
Thailand,Not defined,2015-31,7/27/2015,11,5,6,1,4,0,0,0,0
Thailand,Not defined,2015-32,8/3/2015,37,2,35,0,2,0,0,0,0
Thailand,Not defined,2015-33,8/10/2015,20,6,14,0,4,0,0,2,0
Thailand,Not defined,2015-34,8/17/2015,45,9,36,0,8,0,0,1,0
Thailand,Not defined,2015-35,8/24/2015,36,6,30,1,3,0,0,2,0
Thailand,Not defined,2015-36,8/31/2015,39,5,34,1,3,0,0,1,0
Thailand,Not defined,2015-37,9/7/2015,38,7,31,1,4,0,0,2,0
Thailand,Not defined,2015-38,9/14/2015,27,8,19,1,6,0,0,1,0
Thailand,Not defined,2015-39,9/21/2015,65,13,52,0,10,0,0,3,0
Thailand,Not defined,2015-40,9/28/2015,42,9,33,0,3,0,0,6,0
Thailand,Not defined,2015-41,10/5/2015,40,9,31,1,6,0,0,2,0
Thailand,Not defined,2015-42,10/12/2015,38,11,27,0,9,0,0,2,0
Thailand,Not defined,2015-43,10/19/2015,21,3,18,0,2,0,0,1,0
Thailand,Not defined,2015-44,10/26/2015,29,3,26,0,2,0,0,1,0
Thailand,Not defined,2015-45,11/2/2015,27,5,22,0,1,0,1,2,1
Thailand,Not defined,2015-46,11/9/2015,37,21,16,0,15,0,0,4,2
Thailand,Not defined,2015-47,11/16/2015,31,9,22,0,3,0,0,4,2
Thailand,Not defined,2015-48,11/23/2015,39,9,30,0,2,0,4,3,0
Thailand,Not defined,2015-49,11/30/2015,23,4,19,0,2,0,0,1,1
Thailand,Not defined,2015-50,12/7/2015,8,4,4,0,3,0,0,1,0
Thailand,Not defined,2015-51,12/14/2015,21,0,21,0,0,0,0,0,0
Thailand,Not defined,2015-52,12/21/2015,13,3,10,0,0,0,0,2,1
Thailand,Not defined,2015-53,12/28/2015,5,0,5,0,0,0,0,0,0
Thailand,Not defined,2016-01,1/4/2016,31,1,30,0,0,0,0,1,0
Thailand,Not defined,2016-02,1/11/2016,10,1,9,0,0,0,0,0,1
Thailand,Not defined,2016-03,1/18/2016,21,8,13,1,1,0,1,1,4
Thailand,Not defined,2016-04,1/25/2016,82,10,72,1,1,0,5,3,0
Thailand,Not defined,2016-05,2/1/2016,82,20,62,2,2,0,7,8,1
Thailand,Not defined,2016-06,2/8/2016,69,23,46,3,6,0,12,0,2
Thailand,Not defined,2016-07,2/15/2016,75,48,27,9,9,0,24,3,3
Thailand,Not defined,2016-08,2/22/2016,45,24,21,3,3,0,5,0,13
Thailand,Not defined,2016-09,2/29/2016,122,60,62,15,4,0,21,6,14
Thailand,Not defined,2016-10,3/7/2016,102,44,58,8,0,0,30,5,1
Thailand,Not defined,2016-11,3/14/2016,77,33,44,8,1,0,12,2,10
Thailand,Not defined,2016-12,3/21/2016,65,28,37,12,0,0,10,1,5
Thailand,Not defined,2016-13,3/28/2016,66,23,43,5,0,0,11,4,3
Thailand,Not defined,2016-14,4/4/2016,53,10,43,2,0,0,4,1,3
Thailand,Not defined,2016-15,4/11/2016,12,3,9,0,0,0,2,0,1
Thailand,Not defined,2016-16,4/18/2016,44,13,31,4,0,0,6,1,2
Thailand,Not defined,2016-17,4/25/2016,54,13,41,2,0,0,7,0,4
Thailand,Not defined,2016-18,5/2/2016,14,1,13,0,0,0,1,0,0
Thailand,Not defined,2016-19,5/9/2016,48,10,38,1,0,0,5,0,4
Thailand,Not defined,2016-20,5/16/2016,18,5,13,5,0,0,0,0,0
Thailand,Not defined,2016-21,5/23/2016,39,9,30,6,0,0,1,0,2
Thailand,Not defined,2016-22,5/30/2016,52,5,47,3,0,0,1,0,1
Thailand,Not defined,2016-23,6/6/2016,51,8,43,6,0,0,1,0,1
Thailand,Not defined,2016-24,6/13/2016,88,16,72,10,0,0,3,1,2
Thailand,Not defined,2016-25,6/20/2016,111,12,99,6,1,5,0,0,0
Thailand,Not defined,2016-26,6/27/2016,54,18,36,13,1,NA,3,NA,1
Thailand,Not defined,2016-27,7/4/2016,49,14,35,10,1,2,1,NA,0
Thailand,Not defined,2016-28,7/11/2016,92,32,60,19,3,4,3,NA,3
Thailand,Not defined,2016-29,7/18/2016,22,2,20,1,1,NA,NA,NA,NA
Thailand,Not defined,2016-30,7/25/2016,91,32,59,18,4,1,4,NA,5
Thailand,Not defined,2016-31,8/1/2016,91,27,64,17,3,NA,5,NA,2
Thailand,Not defined,2016-32,8/8/2016,48,15,33,5,4,NA,4,NA,2
Thailand,Not defined,2016-33,8/15/2016,134,40,94,13,13,NA,9,NA,5
Thailand,Not defined,2016-34,8/22/2016,71,27,44,11,10,NA,4,NA,2
Thailand,Not defined,2016-35,8/29/2016,47,13,34,7,2,NA,3,NA,1
Thailand,Not defined,2016-36,9/5/2016,37,16,21,8,4,NA,1,NA,3
Thailand,Not defined,2016-37,9/12/2016,70,25,45,12,11,NA,1,NA,1
Thailand,Not defined,2016-38,9/19/2016,59,26,33,11,11,NA,1,1,2
Thailand,Not defined,2016-39,9/26/2016,57,24,33,9,12,NA,1,NA,2
Thailand,Not defined,2016-40,10/3/2016,89,44,45,16,19,NA,4,1,4
Thailand,Not defined,2016-41,10/10/2016,97,54,43,22,24,NA,4,NA,4
Thailand,Not defined,2016-42,10/17/2016,45,28,17,5,18,NA,3,NA,2
Thailand,Not defined,2016-43,10/24/2016,73,27,46,7,17,NA,2,NA,1
Thailand,Not defined,2016-44,10/31/2016,62,17,45,2,10,NA,1,NA,4
Thailand,Not defined,2016-45,11/7/2016,91,25,66,3,16,NA,3,NA,3
Thailand,Not defined,2016-46,11/14/2016,98,30,68,9,12,NA,3,2,4
Thailand,Not defined,2016-47,11/21/2016,71,19,52,1,12,NA,4,1,1
Thailand,Not defined,2016-48,11/28/2016,62,15,47,0,10,NA,2,2,1
Thailand,Not defined,2016-49,12/5/2016,57,13,44,0,8,NA,3,1,1
Thailand,Not defined,2016-50,12/12/2016,80,12,68,1,7,NA,2,1,1
Thailand,Not defined,2016-51,12/19/2016,45,9,36,1,4,NA,2,2,0
Thailand,Not defined,2016-52,12/26/2016,32,10,22,0,10,NA,NA,NA,0
Thailand,Not defined,2017-01,1/2/2017,7,0,7,0,0,NA,NA,NA,0
Thailand,Not defined,2017-02,1/9/2017,32,4,28,0,4,NA,NA,NA,0
Thailand,Not defined,2017-03,1/16/2017,28,3,25,0,2,NA,0,1,0
Thailand,Not defined,2017-04,1/23/2017,40,2,38,0,0,NA,0,2,0
Thailand,Not defined,2017-05,1/30/2017,42,4,38,0,2,NA,1,0,1
Thailand,Not defined,2017-06,2/6/2017,61,3,58,0,0,NA,2,1,0
Thailand,Not defined,2017-07,2/13/2017,44,9,35,0,1,NA,4,4,0
Thailand,Not defined,2017-08,2/20/2017,53,5,48,0,0,NA,2,3,0
Thailand,Not defined,2017-09,2/27/2017,31,1,30,0,1,NA,0,0,0
Thailand,Not defined,2017-10,3/6/2017,57,3,54,0,0,NA,2,1,0
Thailand,Not defined,2017-11,3/13/2017,44,4,40,0,0,NA,2,2,0
Thailand,Not defined,2017-12,3/20/2017,45,8,37,2,0,NA,1,2,3
Thailand,Not defined,2017-13,3/27/2017,29,2,27,0,0,NA,1,0,1
Thailand,Not defined,2017-14,4/3/2017,16,1,15,0,0,NA,1,0,0
Thailand,Not defined,2017-15,4/10/2017,20,2,18,1,0,NA,1,0,0
Thailand,Not defined,2017-16,4/17/2017,35,10,25,5,4,NA,0,0,1
Thailand,Not defined,2017-17,4/24/2017,20,6,14,0,6,NA,0,0,0
Thailand,Not defined,2017-18,5/1/2017,35,4,31,2,2,NA,0,0,0
Thailand,Not defined,2017-19,5/8/2017,36,4,32,1,2,NA,1,0,0
Thailand,Not defined,2017-20,5/15/2017,54,11,43,5,5,NA,0,0,1
Thailand,Not defined,2017-21,5/22/2017,53,6,47,1,4,NA,0,1,0
Thailand,Not defined,2017-22,5/29/2017,69,9,60,5,3,NA,0,0,1
Thailand,Not defined,2017-23,6/5/2017,73,12,61,5,4,NA,1,2,0
Thailand,Not defined,2017-24,6/12/2017,83,19,64,6,9,NA,0,2,2
Thailand,Not defined,2017-25,6/19/2017,96,27,69,8,16,NA,0,2,1
Thailand,Not defined,2017-26,6/26/2017,67,15,52,5,7,NA,0,3,0
Thailand,Not defined,2017-27,7/3/2017,93,27,66,9,9,NA,NA,8,1
Thailand,Not defined,2017-28,7/10/2017,76,21,55,6,12,NA,NA,3,0
Thailand,Not defined,2017-29,7/17/2017,138,28,110,6,10,NA,NA,9,3
Thailand,Not defined,2017-30,7/24/2017,46,21,25,12,7,NA,NA,1,1
Thailand,Not defined,2017-31,7/31/2017,223,92,131,30,48,NA,NA,11,3
Thailand,Not defined,2017-32,8/7/2017,186,98,88,23,62,NA,1,7,5
Thailand,Not defined,2017-33,8/14/2017,182,84,98,34,33,NA,NA,15,2
Thailand,Not defined,2017-34,8/21/2017,191,96,95,18,50,NA,NA,13,15
Thailand,Not defined,2017-35,8/28/2017,178,87,91,14,49,NA,NA,17,7
Thailand,Not defined,2017-36,9/4/2017,198,93,105,16,40,NA,NA,27,10
Thailand,Not defined,2017-37,9/11/2017,233,91,142,17,45,NA,NA,21,8
Thailand,Not defined,2017-38,9/18/2017,135,52,83,6,19,NA,NA,19,8
Thailand,Not defined,2017-39,9/25/2017,135,50,85,9,27,NA,NA,10,4
Thailand,Not defined,2017-40,10/2/2017,129,46,83,9,18,NA,NA,17,2
Thailand,Not defined,2017-41,10/9/2017,95,30,65,1,15,NA,NA,9,5
Thailand,Not defined,2017-42,10/16/2017,146,52,94,6,22,NA,NA,17,7
Thailand,Not defined,2017-43,10/23/2017,34,11,23,1,9,NA,NA,NA,1
Thailand,Not defined,2017-44,10/30/2017,90,28,62,4,10,NA,NA,10,4
Thailand,Not defined,2017-45,11/6/2017,71,14,57,0,6,NA,NA,6,2
Thailand,Not defined,2017-46,11/13/2017,92,13,79,1,5,NA,NA,5,2
Thailand,Not defined,2017-47,11/20/2017,58,13,45,2,3,NA,NA,2,6
Thailand,Not defined,2017-48,11/27/2017,56,18,38,0,5,NA,NA,7,6
Thailand,Not defined,2017-49,12/4/2017,55,17,38,5,2,NA,NA,3,7
Thailand,Not defined,2017-50,12/11/2017,52,14,38,3,4,NA,NA,5,2
Thailand,Not defined,2017-51,12/18/2017,38,9,29,1,0,NA,NA,4,4
Thailand,Not defined,2017-52,12/25/2017,31,9,22,3,0,NA,NA,3,3
Thailand,Not defined,2018-01,1/1/2018,33,14,19,4,10,NA,NA,NA,0
Thailand,Not defined,2018-02,1/8/2018,33,4,29,1,2,NA,0,1,0
Thailand,Not defined,2018-03,1/15/2018,62,17,45,6,3,NA,0,6,2
Thailand,Not defined,2018-04,1/22/2018,58,16,42,0,9,NA,0,4,3
Thailand,Not defined,2018-05,1/29/2018,94,35,59,1,12,NA,NA,11,11
Thailand,Not defined,2018-06,2/5/2018,65,29,36,7,10,NA,NA,8,4
Thailand,Not defined,2018-07,2/12/2018,59,12,47,6,1,NA,NA,2,3
Thailand,Not defined,2018-08,2/19/2018,56,17,39,3,2,NA,NA,10,2
Thailand,Not defined,2018-09,2/26/2018,52,8,44,4,1,NA,NA,2,1
Thailand,Not defined,2018-10,3/5/2018,62,21,41,10,7,NA,NA,1,3
Thailand,Not defined,2018-11,3/12/2018,55,15,40,8,3,NA,NA,NA,4
Thailand,Not defined,2018-12,3/19/2018,29,3,26,0,0,NA,NA,2,1
Thailand,Not defined,2018-13,3/26/2018,56,12,44,7,1,NA,NA,2,2
Thailand,Not defined,2018-14,4/2/2018,37,3,34,1,2,NA,NA,NA,0
Thailand,Not defined,2018-15,4/9/2018,27,11,16,11,0,NA,NA,NA,0
Thailand,Not defined,2018-16,4/16/2018,38,7,31,3,1,NA,NA,2,1
Thailand,Not defined,2018-17,4/23/2018,14,1,13,1,0,NA,NA,NA,0
Thailand,Not defined,2018-18,4/30/2018,46,2,44,1,0,NA,NA,1,0
Thailand,Not defined,2018-19,5/7/2018,29,3,26,3,0,NA,NA,NA,0
Thailand,Not defined,2018-20,5/14/2018,49,14,35,12,1,NA,NA,1,0
Thailand,Not defined,2018-21,5/21/2018,33,3,30,2,1,NA,NA,NA,0
Thailand,Not defined,2018-22,5/28/2018,47,12,35,9,3,NA,NA,NA,0
Thailand,Not defined,2018-23,6/4/2018,61,7,54,7,0,NA,NA,NA,0
Thailand,Not defined,2018-24,6/11/2018,58,10,48,10,0,NA,NA,NA,0
Thailand,Not defined,2018-25,6/18/2018,39,15,24,9,6,NA,NA,NA,0
Thailand,Not defined,2018-26,6/25/2018,44,9,35,8,0,NA,0,1,0
Thailand,Not defined,2018-27,7/2/2018,45,7,38,5,1,NA,NA,NA,1
Thailand,Not defined,2018-28,7/9/2018,44,13,31,10,3,NA,NA,NA,0
Thailand,Not defined,2018-29,7/16/2018,91,20,71,19,1,NA,NA,NA,0
Thailand,Not defined,2018-30,7/23/2018,21,10,11,8,2,NA,NA,NA,0
Thailand,Not defined,2018-31,7/30/2018,121,42,79,35,6,NA,0,0,1
Thailand,Not defined,2018-32,8/6/2018,75,17,58,11,5,NA,0,0,1
Thailand,Not defined,2018-33,8/13/2018,110,23,87,19,3,NA,0,1,0
Thailand,Not defined,2018-34,8/20/2018,81,20,61,18,2,NA,NA,NA,0
Thailand,Not defined,2018-35,8/27/2018,128,31,97,15,15,NA,0,1,0
Thailand,Not defined,2018-36,9/3/2018,115,38,77,25,13,NA,NA,NA,0
Thailand,Not defined,2018-37,9/10/2018,103,29,74,19,8,NA,0,1,1
Thailand,Not defined,2018-38,9/17/2018,89,16,73,11,5,NA,NA,NA,0
Thailand,Not defined,2018-39,9/24/2018,93,28,65,19,9,NA,NA,NA,0
Thailand,Not defined,2018-40,10/1/2018,98,37,61,32,1,NA,0,2,2
Thailand,Not defined,2018-41,10/8/2018,54,14,40,9,3,NA,0,1,1
Thailand,Not defined,2018-42,10/15/2018,85,25,60,11,14,NA,NA,NA,0
Thailand,Not defined,2018-43,10/22/2018,28,10,18,10,0,NA,NA,NA,0
Thailand,Not defined,2018-44,10/29/2018,59,16,43,12,3,NA,0,0,1
Thailand,Not defined,2018-45,11/5/2018,53,10,43,4,4,NA,0,1,1
Thailand,Not defined,2018-46,11/12/2018,68,12,56,7,3,NA,0,0,2
Thailand,Not defined,2018-47,11/19/2018,65,16,49,11,5,NA,NA,NA,0
Thailand,Not defined,2018-48,11/26/2018,47,16,31,10,6,NA,NA,NA,0
Thailand,Not defined,2018-49,12/3/2018,31,10,21,6,3,NA,NA,NA,1
Thailand,Not defined,2018-50,12/10/2018,40,4,36,3,1,NA,NA,NA,0
Thailand,Not defined,2018-51,12/17/2018,50,9,41,2,4,NA,2,1,0
Thailand,Not defined,2018-52,12/24/2018,53,11,42,2,6,NA,0,1,2
Thailand,Not defined,2019-01,12/31/2018,20,4,16,2,2,NA,NA,NA,0
Thailand,Not defined,2019-02,1/7/2019,49,16,33,3,10,NA,3,0,0
Thailand,Not defined,2019-03,1/14/2019,51,13,38,3,5,NA,4,1,0
Thailand,Not defined,2019-04,1/21/2019,85,18,67,4,5,NA,8,1,0
Thailand,Not defined,2019-05,1/28/2019,66,30,36,10,12,NA,6,2,0
Thailand,Not defined,2019-06,2/4/2019,35,13,22,1,3,NA,9,0,0
Thailand,Not defined,2019-07,2/11/2019,127,52,75,17,13,NA,21,1,0
Thailand,Not defined,2019-08,2/18/2019,104,39,65,10,5,NA,23,0,1
Thailand,Not defined,2019-09,2/25/2019,176,95,81,22,10,NA,61,0,2
Thailand,Not defined,2019-10,3/4/2019,140,73,67,9,17,NA,44,0,3
Thailand,Not defined,2019-11,3/11/2019,166,40,126,9,4,NA,27,0,0
Thailand,Not defined,2019-12,3/18/2019,126,61,65,12,13,NA,36,0,0
Thailand,Not defined,2019-13,3/25/2019,141,58,83,9,7,NA,41,0,1
Thailand,Not defined,2019-14,4/1/2019,71,18,53,3,1,NA,11,0,3
Thailand,Not defined,2019-15,4/8/2019,63,17,46,4,1,NA,10,0,2
Thailand,Not defined,2019-16,4/15/2019,53,15,38,3,1,NA,11,0,0
Thailand,Not defined,2019-17,4/22/2019,92,34,58,9,3,NA,15,0,7
Thailand,Not defined,2019-18,4/29/2019,51,24,27,8,2,NA,9,2,3
Thailand,Not defined,2019-19,5/6/2019,22,8,14,1,1,NA,4,0,2
Thailand,Not defined,2019-20,5/13/2019,100,28,72,5,4,NA,19,0,0
Thailand,Not defined,2019-21,5/20/2019,43,18,25,0,3,NA,13,0,2
Thailand,Not defined,2019-22,5/27/2019,107,21,86,1,3,NA,17,0,0
Thailand,Not defined,2019-23,6/3/2019,47,12,35,0,2,NA,10,0,0
Thailand,Not defined,2019-24,6/10/2019,95,25,70,1,7,NA,15,1,1
Thailand,Not defined,2019-25,6/17/2019,158,52,106,1,17,NA,28,0,6
Thailand,Not defined,2019-26,6/24/2019,144,59,85,1,25,NA,27,0,6
Thailand,Not defined,2019-27,7/1/2019,157,42,115,2,13,NA,24,0,3
Thailand,Not defined,2019-28,7/8/2019,169,61,108,2,25,NA,34,0,0
Thailand,Not defined,2019-29,7/15/2019,144,76,68,0,29,NA,47,0,0
Thailand,Not defined,2019-30,7/22/2019,82,36,46,2,13,NA,21,0,0
Thailand,Not defined,2019-31,7/29/2019,100,25,75,0,12,NA,13,0,0
Thailand,Not defined,2019-32,8/5/2019,153,45,108,2,14,NA,27,0,2
Thailand,Not defined,2019-33,8/12/2019,76,27,49,2,4,NA,17,0,4
Thailand,Not defined,2019-34,8/19/2019,88,17,71,5,3,NA,8,0,1
Thailand,Not defined,2019-35,8/26/2019,92,41,51,2,14,NA,22,0,3
Thailand,Not defined,2019-36,9/2/2019,116,32,84,7,10,NA,15,0,0
Thailand,Not defined,2019-37,9/9/2019,99,42,57,14,6,NA,22,0,0
Thailand,Not defined,2019-38,9/16/2019,75,16,59,5,1,NA,9,0,1
Thailand,Not defined,2019-39,9/23/2019,87,24,63,12,7,NA,5,0,0
Thailand,Not defined,2019-40,9/30/2019,86,25,61,16,5,NA,4,0,0
Thailand,Not defined,2019-41,10/7/2019,84,28,56,11,9,NA,4,4,0
Thailand,Not defined,2019-42,10/14/2019,62,22,40,12,7,NA,2,0,1
Thailand,Not defined,2019-43,10/21/2019,54,15,39,7,3,NA,5,0,0
Thailand,Not defined,2019-44,10/28/2019,60,32,28,21,7,NA,3,0,1
Thailand,Not defined,2019-45,11/4/2019,43,10,33,7,3,NA,0,0,0
Thailand,Not defined,2019-46,11/11/2019,49,12,37,3,4,NA,5,0,0
Thailand,Not defined,2019-47,11/18/2019,81,18,63,11,5,NA,2,0,0
Thailand,Not defined,2019-48,11/25/2019,47,9,38,6,0,NA,NA,NA,3
Thailand,Not defined,2019-49,12/2/2019,152,34,118,30,4,NA,NA,NA,0
Thailand,Not defined,2019-50,12/9/2019,70,16,54,12,4,NA,NA,NA,0
Thailand,Not defined,2019-51,12/16/2019,35,14,21,8,4,NA,2,0,0
Thailand,Not defined,2019-52,12/23/2019,65,6,59,4,1,NA,1,0,0
Thailand,Not defined,2020-01,12/30/2019,16,1,15,1,0,NA,0,0,0
Thailand,Not defined,2020-02,1/6/2020,90,16,74,12,4,NA,0,0,0
Thailand,Not defined,2020-03,1/13/2020,65,17,48,13,3,NA,1,0,0
Thailand,Not defined,2020-04,1/20/2020,93,32,61,23,8,NA,1,0,0
Thailand,Not defined,2020-05,1/27/2020,79,29,50,24,4,NA,1,0,0
Thailand,Not defined,2020-06,2/3/2020,108,39,69,27,12,NA,0,0,0
Thailand,Not defined,2020-07,2/10/2020,105,24,81,18,6,NA,0,0,0
Thailand,Not defined,2020-08,2/17/2020,77,22,55,12,8,NA,2,0,0
Thailand,Not defined,2020-09,2/24/2020,101,29,72,19,8,NA,2,0,0
Thailand,Not defined,2020-10,3/2/2020,90,27,63,19,5,NA,3,0,0
Thailand,Not defined,2020-11,3/9/2020,69,15,54,10,5,NA,0,0,0
Thailand,Not defined,2020-12,3/16/2020,105,18,87,15,2,NA,0,0,1
Thailand,Not defined,2020-13,3/23/2020,60,3,57,3,0,NA,0,0,0
Thailand,Not defined,2020-14,3/30/2020,16,2,14,0,2,NA,0,0,0
Thailand,Not defined,2020-15,4/6/2020,44,1,43,1,0,NA,0,0,0
Thailand,Not defined,2020-16,4/13/2020,45,5,40,3,2,NA,0,0,0
Thailand,Not defined,2020-17,4/20/2020,26,0,26,0,0,NA,0,0,0
Thailand,Not defined,2020-18,4/27/2020,16,0,16,0,0,NA,0,0,0
Thailand,Not defined,2020-19,5/4/2020,18,0,18,0,0,NA,0,0,0
Thailand,Not defined,2020-20,5/11/2020,10,0,10,0,0,NA,0,0,0
Thailand,Not defined,2020-21,5/18/2020,18,0,18,0,0,NA,0,0,0
Thailand,Not defined,2020-22,5/25/2020,37,0,37,0,0,NA,0,0,0
Thailand,Not defined,2020-23,6/1/2020,10,0,10,0,0,NA,0,0,0
Thailand,Not defined,2020-24,6/8/2020,10,0,10,0,0,NA,0,0,0
Thailand,Not defined,2020-25,6/15/2020,14,0,14,0,0,NA,0,0,0
Thailand,Not defined,2020-26,6/22/2020,7,0,7,0,0,NA,0,0,0
Thailand,Not defined,2020-27,6/29/2020,24,0,24,0,0,NA,0,0,0
Thailand,Not defined,2020-28,7/6/2020,6,0,6,0,0,NA,0,0,0
Thailand,Not defined,2020-29,7/13/2020,40,0,40,0,0,NA,0,0,0
Thailand,Not defined,2020-30,7/20/2020,43,0,43,0,0,NA,0,0,0
Thailand,Not defined,2020-31,7/27/2020,15,0,15,0,0,NA,0,0,0
Thailand,Not defined,2020-32,8/3/2020,12,0,12,0,0,NA,0,0,0
Thailand,Not defined,2020-33,8/10/2020,9,0,9,0,0,NA,0,0,0
Thailand,Not defined,2020-34,8/17/2020,21,0,21,0,0,NA,0,0,0
Thailand,Not defined,2020-35,8/24/2020,21,0,21,0,0,NA,0,0,0
Thailand,Not defined,2020-36,8/31/2020,21,0,21,0,0,NA,0,0,0
Thailand,Not defined,2020-37,9/7/2020,22,2,20,2,0,NA,0,0,0
Thailand,Not defined,2020-38,9/14/2020,30,1,29,1,0,NA,0,0,0
Thailand,Not defined,2020-39,9/21/2020,28,0,28,0,0,NA,0,0,0
Thailand,Not defined,2020-40,9/28/2020,21,0,21,0,0,NA,0,0,0
Thailand,Not defined,2020-41,10/5/2020,16,0,16,0,0,NA,0,0,0
Thailand,Not defined,2020-42,10/12/2020,97,0,97,0,0,NA,0,0,0
Thailand,Not defined,2020-43,10/19/2020,65,0,65,0,0,NA,0,0,0
Thailand,Not defined,2020-44,10/26/2020,127,1,126,0,0,NA,0,0,1
Thailand,Not defined,2020-45,11/2/2020,144,3,141,0,3,NA,0,0,0
Thailand,Not defined,2020-46,11/9/2020,152,3,149,0,3,NA,0,0,0
Thailand,Not defined,2020-47,11/16/2020,83,1,82,0,1,NA,0,0,0
Thailand,Not defined,2020-48,11/23/2020,229,1,228,0,1,NA,0,0,0
Thailand,Not defined,2020-49,11/30/2020,82,0,82,0,0,NA,0,0,0
Thailand,Not defined,2020-50,12/7/2020,98,0,98,0,0,NA,0,0,0
Thailand,Not defined,2020-51,12/14/2020,127,4,123,0,2,NA,0,0,2
Thailand,Not defined,2020-52,12/21/2020,69,1,68,0,1,NA,0,0,0
Thailand,Not defined,2020-53,12/28/2020,48,0,48,0,0,NA,0,0,0
Thailand,Not defined,2021-01,1/4/2021,129,1,128,0,1,NA,0,0,0
Thailand,Not defined,2021-02,1/11/2021,45,0,45,0,0,NA,0,0,0
Thailand,Not defined,2021-03,1/18/2021,76,0,76,0,0,NA,0,0,0
Thailand,Not defined,2021-04,1/25/2021,45,0,45,0,0,NA,0,0,0
Thailand,Not defined,2021-05,2/1/2021,110,1,109,0,1,NA,0,0,0
Thailand,Not defined,2021-06,2/8/2021,55,0,55,0,0,NA,0,0,0
Thailand,Not defined,2021-07,2/15/2021,86,0,86,0,0,NA,0,0,0
Thailand,Not defined,2021-08,2/22/2021,49,0,49,0,0,NA,0,0,0
Thailand,Not defined,2021-09,3/1/2021,75,0,75,0,0,NA,0,0,0
Thailand,Not defined,2021-10,3/8/2021,74,0,74,0,0,NA,0,0,0
Thailand,Not defined,2021-11,3/15/2021,75,0,75,0,0,NA,0,0,0
Thailand,Not defined,2021-12,3/22/2021,81,0,81,0,0,NA,0,0,0
Thailand,Not defined,2021-13,3/29/2021,50,0,50,0,0,NA,0,0,0
Thailand,Not defined,2021-14,4/5/2021,79,0,79,0,0,NA,0,0,0
Thailand,Not defined,2021-15,4/12/2021,1,0,1,0,0,NA,0,0,0
Thailand,Not defined,2021-16,4/19/2021,51,0,51,0,0,NA,0,0,0
Thailand,Not defined,2021-17,4/26/2021,27,0,27,0,0,NA,0,0,0
Thailand,Not defined,2021-18,5/3/2021,29,0,29,0,0,NA,0,0,0
Thailand,Not defined,2021-19,5/10/2021,27,0,27,0,0,NA,0,0,0
Thailand,Not defined,2021-20,5/17/2021,35,0,35,0,0,NA,0,0,0
Thailand,Not defined,2021-21,5/24/2021,40,0,40,0,0,NA,0,0,0
Thailand,Not defined,2021-22,5/31/2021,46,0,46,0,0,NA,0,0,0
Thailand,Not defined,2021-23,6/7/2021,44,0,44,0,0,NA,0,0,0
Thailand,Not defined,2021-24,6/14/2021,46,0,46,0,0,NA,0,0,0
Thailand,Not defined,2021-25,6/21/2021,61,0,61,0,0,NA,0,0,0
Thailand,Not defined,2021-26,6/28/2021,54,0,54,0,0,NA,0,0,0
Thailand,Not defined,2021-27,7/5/2021,85,21,64,0,21,NA,0,0,0
Thailand,Not defined,2021-28,7/12/2021,84,0,84,0,0,NA,0,0,0
Thailand,Not defined,2021-29,7/19/2021,84,0,84,0,0,NA,0,0,0
Thailand,Not defined,2021-30,7/26/2021,81,0,81,0,0,NA,0,0,0
Thailand,Not defined,2021-31,8/2/2021,31,0,31,0,0,NA,0,0,0
Thailand,Not defined,2021-32,8/9/2021,26,0,26,0,0,NA,0,0,0
Thailand,Not defined,2021-33,8/16/2021,82,0,82,0,0,NA,0,0,0
Thailand,Not defined,2021-34,8/23/2021,84,0,84,0,0,NA,0,0,0
Thailand,Not defined,2021-35,8/30/2021,70,0,70,0,0,NA,0,0,0
Thailand,Not defined,2021-36,9/6/2021,32,0,32,0,0,NA,0,0,0
Thailand,Not defined,2021-37,9/13/2021,56,0,56,0,0,NA,0,0,0
Thailand,Not defined,2021-38,9/20/2021,57,0,57,0,0,NA,0,0,0
Thailand,Not defined,2021-39,9/27/2021,39,0,39,0,0,NA,0,0,0
Thailand,Not defined,2021-40,10/4/2021,67,0,67,0,0,NA,0,0,0
Thailand,Not defined,2021-41,10/11/2021,78,0,78,0,0,NA,0,0,0
Thailand,Not defined,2021-42,10/18/2021,87,0,87,0,0,NA,0,0,0
Thailand,Not defined,2021-43,10/25/2021,74,0,74,0,0,NA,0,0,0
Thailand,Not defined,2021-44,11/1/2021,106,0,106,0,0,NA,0,0,0
Thailand,Not defined,2021-45,11/8/2021,77,0,77,0,0,NA,0,0,0
Thailand,Not defined,2021-46,11/15/2021,63,0,63,0,0,NA,0,0,0
Thailand,Not defined,2021-47,11/22/2021,60,0,60,0,0,NA,0,0,0
Thailand,Not defined,2021-48,11/29/2021,77,0,77,0,0,NA,0,0,0
Thailand,Not defined,2021-49,12/6/2021,2,0,2,0,0,NA,0,0,0
Thailand,Not defined,2021-50,12/13/2021,96,0,96,0,0,NA,0,0,0
Thailand,Not defined,2021-51,12/20/2021,23,0,23,0,0,NA,0,0,0
Thailand,Not defined,2021-52,12/27/2021,34,0,34,0,0,NA,0,0,0
Thailand,Not defined,2022-01,1/3/2022,102,1,101,0,1,0,0,0,0
Thailand,Not defined,2022-02,1/10/2022,300,3,297,0,3,0,0,0,0
Thailand,Not defined,2022-03,1/17/2022,107,0,107,0,0,0,0,0,0
Thailand,Not defined,2022-04,1/24/2022,194,1,193,0,1,0,0,0,0
Thailand,Not defined,2022-05,1/31/2022,159,1,158,0,1,0,0,0,0
Thailand,Not defined,2022-06,2/7/2022,181,0,181,0,0,0,0,0,0
Thailand,Not defined,2022-07,2/14/2022,111,0,111,0,0,0,0,0,0
Thailand,Not defined,2022-08,2/21/2022,141,0,141,0,0,0,0,0,0
Thailand,Not defined,2022-09,2/28/2022,227,0,227,0,0,0,0,0,0
Thailand,Not defined,2022-10,3/7/2022,143,0,143,0,0,0,0,0,0
Thailand,Not defined,2022-11,3/14/2022,151,0,151,0,0,0,0,0,0
Thailand,Not defined,2022-12,3/21/2022,220,0,220,0,0,0,0,0,0
Thailand,Not defined,2022-13,3/28/2022,158,0,158,0,0,0,0,0,0
Thailand,Not defined,2022-14,4/4/2022,155,0,155,0,0,0,0,0,0
Thailand,Not defined,2022-15,4/11/2022,13,0,13,0,0,0,0,0,0
Thailand,Not defined,2022-16,4/18/2022,114,1,113,0,1,0,0,0,0
Thailand,Not defined,2022-17,4/25/2022,264,0,264,0,0,0,0,0,0
Thailand,Not defined,2022-18,5/2/2022,143,0,143,0,0,0,0,0,0
Thailand,Not defined,2022-19,5/9/2022,149,1,148,0,1,0,0,0,0
Thailand,Not defined,2022-20,5/16/2022,131,2,129,0,2,0,0,0,0
Thailand,Not defined,2022-21,5/23/2022,150,1,149,0,1,0,0,0,0
Thailand,Not defined,2022-22,5/30/2022,106,1,105,0,1,0,0,0,0
Thailand,Not defined,2022-23,6/6/2022,261,5,256,0,4,0,0,0,1
Thailand,Not defined,2022-24,6/13/2022,152,3,149,NA,3,NA,NA,NA,NA
Thailand,Not defined,2022-25,6/20/2022,166,4,162,NA,3,NA,NA,NA,1
Thailand,Not defined,2022-26,6/27/2022,236,6,230,NA,6,NA,NA,NA,NA
Thailand,Not defined,2022-27,7/4/2022,192,7,185,NA,7,NA,NA,NA,NA
Thailand,Not defined,2022-28,7/11/2022,77,8,69,NA,8,NA,NA,NA,NA
Thailand,Not defined,2022-29,7/18/2022,206,19,187,NA,18,NA,NA,NA,1
Thailand,Not defined,2022-30,7/25/2022,141,7,134,NA,7,NA,NA,NA,NA
Thailand,Not defined,2022-31,8/1/2022,210,12,198,NA,10,NA,NA,NA,2
Thailand,Not defined,2022-32,8/8/2022,82,4,78,NA,4,NA,NA,NA,NA
Thailand,Not defined,2022-33,8/15/2022,210,37,173,NA,36,NA,NA,NA,1
Thailand,Not defined,2022-34,8/22/2022,156,22,134,1,19,NA,NA,NA,2
Thailand,Not defined,2022-35,8/29/2022,208,58,150,NA,53,NA,NA,NA,5
Thailand,Not defined,2022-36,9/5/2022,202,54,148,NA,53,NA,NA,NA,1
Thailand,Not defined,2022-37,9/12/2022,163,36,127,NA,36,NA,NA,NA,NA
Thailand,Not defined,2022-38,9/19/2022,191,28,163,NA,28,NA,NA,NA,NA
Thailand,Not defined,2022-39,9/26/2022,149,28,121,NA,26,NA,NA,NA,2
Thailand,Not defined,2022-40,10/3/2022,169,42,127,NA,41,NA,NA,NA,1
Thailand,Not defined,2022-41,10/10/2022,84,11,73,NA,11,NA,NA,NA,NA
Thailand,Not defined,2022-42,10/17/2022,161,29,132,NA,28,NA,1,NA,0
Thailand,Not defined,2022-43,10/24/2022,106,10,96,NA,7,NA,3,NA,0
Thailand,Not defined,2022-44,10/31/2022,122,17,105,1,11,NA,5,NA,0
Thailand,Not defined,2022-45,11/7/2022,147,17,130,NA,15,NA,2,NA,0
Thailand,Not defined,2022-46,11/14/2022,132,23,109,NA,18,NA,5,NA,0
Thailand,Not defined,2022-47,11/21/2022,98,15,83,NA,12,NA,2,NA,1
Thailand,Not defined,2022-48,11/28/2022,196,19,177,NA,15,NA,3,NA,1
Thailand,Not defined,2022-49,12/5/2022,103,12,91,NA,10,NA,1,NA,1
Thailand,Not defined,2022-50,12/12/2022,119,5,114,1,3,NA,1,NA,0
Thailand,Not defined,2022-51,12/19/2022,137,17,120,1,10,NA,5,NA,1
Thailand,Not defined,2022-52,12/26/2022,116,8,108,2,1,NA,2,NA,3
Thailand,Not defined,2023-01,1/2/2023,118,5,113,NA,1,NA,1,NA,3
Thailand,Not defined,2023-02,1/9/2023,137,10,127,1,4,NA,2,NA,3
Thailand,Not defined,2023-03,1/16/2023,153,18,135,2,12,NA,1,NA,3
Thailand,Not defined,2023-04,1/23/2023,140,17,123,5,10,NA,NA,NA,2
Thailand,Not defined,2023-05,1/30/2023,148,17,131,1,12,NA,NA,NA,4
Thailand,Not defined,2023-06,2/6/2023,189,27,162,2,19,NA,NA,NA,6
Thailand,Not defined,2023-07,2/13/2023,175,33,142,1,24,NA,3,NA,5
Thailand,Not defined,2023-08,2/20/2023,149,24,125,3,11,NA,7,NA,3
Thailand,Not defined,2023-09,2/27/2023,188,31,157,6,14,NA,10,NA,1
Thailand,Not defined,2023-10,3/6/2023,135,11,124,2,5,NA,4,NA,0
Thailand,Not defined,2023-11,3/13/2023,183,27,156,2,21,NA,4,NA,0
Thailand,Not defined,2023-12,3/20/2023,198,32,166,6,9,NA,17,NA,0
Thailand,Not defined,2023-13,3/27/2023,171,14,157,5,4,NA,5,NA,0
Thailand,Not defined,2023-14,4/3/2023,115,16,99,6,6,NA,4,NA,0
Thailand,Not defined,2023-15,4/10/2023,86,12,74,0,2,NA,9,NA,1
Thailand,Not defined,2023-16,4/17/2023,141,13,128,3,5,NA,5,NA,0
Thailand,Not defined,2023-17,4/24/2023,163,13,150,5,4,NA,2,NA,2
Thailand,Not defined,2023-18,5/1/2023,98,13,85,10,0,NA,2,NA,1
Thailand,Not defined,2023-19,5/8/2023,173,13,160,6,7,NA,NA,NA,0
Thailand,Not defined,2023-20,5/15/2023,123,7,116,4,1,NA,2,NA,0
Thailand,Not defined,2023-21,5/22/2023,147,8,139,4,2,NA,2,NA,0
Thailand,Not defined,2023-22,5/29/2023,42,3,39,2,0,NA,1,NA,0
Thailand,Not defined,2023-23,6/5/2023,241,16,225,14,0,NA,2,NA,0
Thailand,Not defined,2023-24,6/12/2023,204,5,199,1,2,NA,2,NA,0
Thailand,Not defined,2023-25,6/19/2023,161,12,149,8,4,NA,NA,NA,0
Thailand,Not defined,2023-26,6/26/2023,205,13,192,7,4,NA,2,NA,0
Thailand,Not defined,2023-27,7/3/2023,172,18,154,11,5,NA,2,NA,0
Thailand,Not defined,2023-28,7/10/2023,187,25,162,15,7,NA,3,NA,0
Thailand,Not defined,2023-29,7/17/2023,182,26,156,22,3,NA,1,NA,0
Thailand,Not defined,2023-30,7/24/2023,135,26,109,15,5,NA,6,NA,0
Thailand,Not defined,2023-31,7/31/2023,104,13,91,9,2,NA,2,NA,0
Thailand,Not defined,2023-32,8/7/2023,201,41,160,29,5,NA,7,NA,0
Thailand,Not defined,2023-33,8/14/2023,174,51,123,34,10,NA,6,NA,1
Thailand,Not defined,2023-34,8/21/2023,196,42,154,28,7,NA,7,NA,0
Thailand,Not defined,2023-35,8/28/2023,194,63,131,40,17,NA,5,NA,1
Thailand,Not defined,2023-36,9/4/2023,230,56,174,25,21,NA,8,NA,2
Thailand,Not defined,2023-37,9/11/2023,194,53,141,30,18,NA,5,NA,0
Thailand,Not defined,2023-38,9/18/2023,229,79,150,38,32,NA,9,NA,0
Thailand,Not defined,2023-39,9/25/2023,208,79,129,33,34,NA,11,NA,1
Thailand,Not defined,2023-40,10/2/2023,214,71,143,12,45,NA,14,NA,0
Thailand,Not defined,2023-41,10/9/2023,170,61,109,14,36,NA,11,NA,0
Thailand,Not defined,2023-42,10/16/2023,264,94,170,29,48,NA,16,NA,1
Thailand,Not defined,2023-43,10/23/2023,175,41,134,10,23,NA,7,NA,1
Thailand,Not defined,2023-44,10/30/2023,154,38,116,5,21,NA,12,NA,0
Thailand,Not defined,2023-45,11/6/2023,199,60,139,9,25,NA,22,NA,4
Thailand,Not defined,2023-46,11/13/2023,222,61,161,7,26,NA,25,NA,3
Thailand,Not defined,2023-47,11/20/2023,201,69,132,3,32,NA,34,NA,0
Thailand,Not defined,2023-48,11/27/2023,193,60,133,6,16,NA,38,NA,0
Thailand,Not defined,2023-49,12/4/2023,148,35,113,0,9,NA,25,NA,1
Thailand,Not defined,2023-50,12/11/2023,167,59,108,3,25,NA,31,NA,0
Thailand,Not defined,2023-51,12/18/2023,176,36,140,0,15,NA,19,NA,2
Thailand,Not defined,2023-52,12/25/2023,148,50,98,6,15,NA,27,NA,2
Thailand,Not defined,2024-01,1/1/2024,144,35,109,3,15,NA,17,NA,0
Thailand,Not defined,2024-02,1/8/2024,233,52,181,8,17,NA,26,NA,1
Thailand,Not defined,2024-03,1/15/2024,206,37,169,6,13,NA,18,NA,0
Thailand,Not defined,2024-04,1/22/2024,233,55,178,8,17,NA,30,NA,0
Thailand,Not defined,2024-05,1/29/2024,225,42,183,6,16,NA,20,NA,0
Thailand,Not defined,2024-06,2/5/2024,212,27,185,3,14,NA,10,NA,0
Thailand,Not defined,2024-07,2/12/2024,282,42,240,2,11,NA,29,NA,0
Thailand,Not defined,2024-08,2/19/2024,243,54,189,10,24,NA,20,NA,0
Thailand,Not defined,2024-09,2/26/2024,196,32,164,4,12,NA,16,NA,0
Thailand,Not defined,2024-10,3/4/2024,251,35,216,8,15,NA,12,NA,0
Thailand,Not defined,2024-11,3/11/2024,211,34,177,13,16,NA,5,NA,0
Thailand,Not defined,2024-12,3/18/2024,221,22,199,12,0,NA,10,NA,0
Thailand,Not defined,2024-13,3/25/2024,230,42,188,22,16,NA,4,NA,0
Thailand,Not defined,2024-14,4/1/2024,223,30,193,19,6,NA,5,NA,0
Thailand,Not defined,2024-15,4/8/2024,123,26,97,15,6,NA,5,NA,0
Thailand,Not defined,2024-16,4/15/2024,155,16,139,12,2,NA,2,NA,0
Thailand,Not defined,2024-17,4/22/2024,243,41,202,31,5,NA,5,NA,0
Thailand,Not defined,2024-18,4/29/2024,102,22,80,12,6,NA,4,NA,0
Thailand,Not defined,2024-19,5/6/2024,196,17,179,10,4,NA,3,NA,0
Thailand,Not defined,2024-20,5/13/2024,192,14,178,11,1,NA,2,NA,0
Thailand,Not defined,2024-21,5/20/2024,152,11,141,11,0,NA,0,NA,0
Thailand,Not defined,2024-22,5/27/2024,190,25,165,19,3,NA,3,NA,0
Thailand,Not defined,2024-23,6/3/2024,173,17,156,16,0,NA,1,NA,0
Thailand,Not defined,2024-24,6/10/2024,171,23,148,21,0,NA,2,NA,0
Thailand,Not defined,2024-25,6/17/2024,188,36,152,32,3,NA,1,NA,0
Thailand,Not defined,2024-26,6/24/2024,218,41,177,37,2,NA,2,NA,0
Thailand,Not defined,2024-27,7/1/2024,201,49,152,38,9,NA,2,NA,0
Thailand,Not defined,2024-28,7/8/2024,197,50,147,43,3,NA,4,NA,0
Thailand,Not defined,2024-29,7/15/2024,276,63,213,54,7,NA,2,NA,0
Thailand,Not defined,2024-30,7/22/2024,254,63,191,49,12,NA,2,NA,0
Thailand,Not defined,2024-31,7/29/2024,151,23,128,15,8,NA,0,NA,0
Thailand,Not defined,2024-32,8/5/2024,275,66,209,48,15,NA,3,NA,0
Thailand,Not defined,2024-33,8/12/2024,133,37,96,33,2,NA,2,NA,0
Thailand,Not defined,2024-34,8/19/2024,186,36,150,23,11,NA,2,NA,0
Thailand,Not defined,2024-35,8/26/2024,235,47,188,23,20,NA,4,NA,0
Thailand,Not defined,2024-36,9/2/2024,222,41,181,20,19,NA,2,NA,0
Thailand,Not defined,2024-37,9/9/2024,213,48,165,22,17,NA,9,NA,0
Thailand,Not defined,2024-38,9/16/2024,197,26,171,14,9,NA,3,NA,0
Thailand,Not defined,2024-39,9/23/2024,179,21,158,13,5,NA,3,NA,0
Thailand,Not defined,2024-40,9/30/2024,157,30,127,11,8,NA,11,NA,0
Thailand,Not defined,2024-41,10/7/2024,246,42,204,17,17,NA,8,NA,0
Thailand,Not defined,2024-42,10/14/2024,128,16,112,5,5,NA,6,NA,0
Thailand,Not defined,2024-43,10/21/2024,121,8,113,2,2,NA,4,NA,0
Thailand,Not defined,2024-44,10/28/2024,235,20,215,9,7,NA,4,NA,0
Thailand,Not defined,2024-45,11/4/2024,159,15,144,0,5,NA,10,NA,0
Thailand,Not defined,2024-46,11/11/2024,185,20,165,7,7,NA,6,NA,0
Thailand,Not defined,2024-47,11/18/2024,146,14,132,4,4,NA,6,NA,0
Thailand,Not defined,2024-48,11/25/2024,215,13,202,5,1,NA,7,NA,0
Thailand,Not defined,2024-49,12/2/2024,77,6,71,0,1,NA,5,NA,0
Thailand,Not defined,2024-50,12/9/2024,158,10,148,3,2,NA,5,NA,0
Thailand,Not defined,2024-51,12/16/2024,224,19,205,11,2,NA,6,NA,0
Thailand,Not defined,2024-52,12/23/2024,122,14,108,3,2,NA,9,NA,0
Thailand,Not defined,2025-01,12/30/2024,48,7,41,0,3,NA,4,NA,0
Thailand,Not defined,2025-02,1/6/2025,293,31,262,15,8,NA,8,NA,0
Thailand,Not defined,2025-03,1/13/2025,186,27,159,12,8,NA,7,NA,0
Thailand,Not defined,2025-04,1/20/2025,252,45,207,24,11,NA,10,NA,0
Thailand,Not defined,2025-05,1/27/2025,240,48,192,24,5,NA,19,NA,0
Thailand,Not defined,2025-06,2/3/2025,116,28,88,7,9,NA,12,NA,0
Thailand,Not defined,2025-07,2/10/2025,134,35,99,9,10,NA,16,NA,0
Thailand,Not defined,2025-08,2/17/2025,172,45,127,15,10,NA,20,NA,0
Thailand,Not defined,2025-09,2/24/2025,159,41,118,22,10,NA,9,NA,0
Thailand,Not defined,2025-10,3/3/2025,172,52,120,28,16,NA,8,NA,0
Thailand,Not defined,2025-11,3/10/2025,135,42,93,22,11,NA,9,NA,0
